ticker,score_5,score_20
A,60.26342628561737,51.600748164129556
AA,55.01093969680148,22.77758634882742
AAP,41.07307924139744,47.219539919818445
AAT,35.220068068034124,62.526301993890414
AB,30.94374657939594,20.424141788124146
ABBV,56.59061722542565,45.94539337434054
ABCB,88.5455974628144,28.33815953061862
ABG,45.435386948144846,32.61769194100744
ABM,0.0,0.0
ABR,75.98544097224664,54.127904210334954
ABT,23.817722037157253,45.10498922246936
AC,3.2576732097164607,18.37476704166742
ACA,57.20786290381528,24.424690020312966
ACCO,54.42245413891117,36.930921976153485
ACEL,60.4239728492889,39.58639355009875
ACHR,54.58387615300333,3.9657643673940743
ACI,15.243093647851396,0.0
ACM,53.39962421293077,42.02120985332807
ACVA,64.54590551528884,6.720055408599678
ADC,13.80765764541568,41.51950958606314
ADM,32.40132006849974,16.052268051647435
ADNT,61.42888249933575,22.100225933479074
ADT,15.787668990502123,40.9003297874142
AEE,16.62592397629756,45.22855380630325
AEO,18.89748277987449,12.0574705946049
AES,69.31653212421779,29.90399451216103
AESI,47.760148102402695,50.73276440075638
AFG,43.71751476016389,61.11476401121814
AFGB,37.58973237754137,43.711250354452204
AFGC,48.70084727540139,0.0
AFGD,25.55493681834725,41.72891332550153
AFGE,40.070671352575545,22.37541842788273
AFL,41.37486468709909,49.74932544645213
AGCO,60.891109749093,10.766110656604745
AGL,9.1179181391876,30.893221144741574
AGM,81.59408311499072,24.575641014194524
AGS,43.2087836138762,73.23440500699417
AGX,63.19183675796498,61.47922994970611
AHH,75.85273679913232,12.037216645116864
AHR,78.63472128605946,20.07446809754769
AI,20.80518669292209,45.7799664789834
AIG,55.04349868407045,92.15323046521176
AIN,61.67999772128585,25.594771044980636
AIR,44.92966426153945,41.97735489883329
AIT,63.185090633295175,58.91956986840211
AIV,51.187829981045816,49.0896881803611
AIZ,17.414740989668935,56.86860962400758
AIZN,18.877807136813367,0.0
AJG,8.287108873502959,19.643964071841324
AKR,100.0,31.115380337152395
AL,70.75356184333653,33.423033211225196
ALB,55.79863956207029,44.78961852994662
ALE,36.384860734007205,46.82502051120599
ALEX,46.63179666618762,60.199506410628
ALG,56.127150912751894,32.25285930402263
ALIT,60.717490427181545,12.051413043274515
ALK,86.5722621461803,19.206459300742356
ALL,23.59469391662615,37.85588933232721
ALLE,37.264921531197224,13.133096602102253
ALLY,72.9973364319911,22.072201837874577
ALSN,68.28366243757576,26.003649961559525
ALX,4.413230797979583,50.2924520179906
AM,45.29841734529168,28.703294427749583
AMBC,0.0,1.1638441543438622
AMC,55.2027430064463,25.243680804482487
AME,68.62671490035693,18.77508112696244
AMG,47.96390687982698,30.999387947675114
AMH,0.0,0.0
AMN,60.20608946831557,0.0
AMP,88.64736659257628,23.072603823261403
AMPX,68.00378978501418,30.28766283445055
AMR,40.6400013195465,0.0
AMRC,50.82117456644483,30.051094837743374
AMT,0.0,37.996482734377274
AMTB,45.70874550995913,37.896403735006
AMTM,55.318853268934525,38.247997943206016
AN,69.87711943373793,24.06665034436547
ANET,48.20508222822353,30.551155240744922
ANF,58.76589169698332,46.854741442188924
AON,10.323130841050096,63.36811695252394
AORT,35.82530534061589,10.435520467172074
AOS,60.79433368670861,16.339547539757405
APAM,67.60339995537323,22.31050707380006
APD,13.877457677914284,55.86512813678396
APG,61.87953264040335,17.551163766625045
APH,40.56326226215614,55.72956736123792
APLE,66.7123395546399,34.459367152531314
APO,100.0,20.135293341367525
APOS,50.07716727401741,0.0
AQN,26.743897231622483,67.03518613151567
AQNB,30.546120033892947,34.85223768365072
AR,78.2652653180682,19.263805004186533
ARDC,11.852588758257543,9.337042516828642
ARDT,72.53475899872839,31.69361054285381
ARE,53.901216072117755,50.612119945943995
ARES,55.53973700316004,25.528495981378253
ARI,76.60426123716759,23.770417001250003
ARIS,61.989484913704096,77.19887255018811
ARLO,55.11639001237574,44.000040953576665
ARMK,11.07745668038256,28.449984541164575
AROC,71.86556570533159,65.720378483957
ARR,45.630491640334,36.11076741228014
ARW,63.085729248395246,30.338876822899973
ASA,12.392631945416396,72.83204285349638
ASAN,7.316841990662543,0.0
ASB,84.3900272516231,30.37454865293144
ASBA,2.9285223363692126,27.665265316321864
ASGN,62.563132676514435,34.135031210918825
ASH,57.104295155492444,27.166384340889714
ASIX,63.09942491594576,20.614632434441837
ASPN,56.54318420350968,17.645619177128204
ATEN,60.91499994258483,47.19137342708777
ATGE,16.655947648074065,27.9066196186729
ATI,44.942253275137794,35.919221191080325
ATKR,63.43677353097679,29.21505923637256
ATMU,52.3021738270271,16.71023228960059
ATO,13.223660870347047,20.383695850395444
ATR,27.94731097230336,4.930970226572885
ATUS,48.75417084353853,4.315747356275217
AUB,83.33570896033861,23.10291505635609
AVA,16.957927103476536,39.22595533820686
AVB,17.87225360081161,53.51719192480981
AVNS,52.92790471789188,8.547970700248431
AVNT,67.16683860600757,18.501965978149286
AVTR,33.79200660747322,67.1650652368213
AVY,62.105820331476316,18.133783959160887
AWI,44.5248860332528,16.070745883275578
AWK,29.70000411070973,42.9360643674296
AWR,7.295925018237962,15.47387131003115
AX,81.97568137552962,17.174595007292393
AXL,20.090173487075035,2.0793992386388407
AXP,88.82913506572952,24.20600237772412
AXTA,59.565140607019266,31.326034615620188
AYI,66.68144640663806,24.78263505619101
AZEK,22.357234211197,59.75778824550949
AZO,5.068325708613995,1.3366411700130922
AZZ,37.87443747904055,32.87815397810597
BA,1.799017777392637,19.251555639894526
BAC,79.26192644015782,35.51253057468828
BAH,51.40459395596226,22.348119895367336
BALL,57.92149267455,12.229027289932706
BALY,51.74450061910843,28.51658860003803
BANC,87.49823896903244,38.30953996990278
BAX,56.61003702722703,20.43570169405557
BBAI,31.727086356524623,11.84620230763085
BBDC,16.555095131968663,21.27309425310048
BBW,22.01047846342327,58.25513110868822
BBWI,36.48425409210823,18.443531158181948
BBY,65.71713815765156,26.131320856952584
BC,45.91927275353025,50.466466473155684
BCAT,27.741944882197867,52.895791608869104
BCC,38.19437743409723,34.40648216109969
BCO,63.67950773722918,33.06823348102421
BCSF,49.988614524222456,31.413174282902336
BCX,46.633755156990475,56.56351104460746
BDC,62.60158718002297,37.115065715310934
BDJ,34.1909203126614,20.025083026563536
BDN,53.344613314036785,50.75479350707076
BDX,67.33058185143547,51.36607261262466
BE,55.87310549080899,58.204590051987374
BEN,71.97482754282298,27.40092595480675
BEPC,20.010342473956136,30.272622977992796
BFAM,34.9904794336245,40.2593297487213
BFH,47.03773087707532,18.538326333353016
BFLY,62.61132619332689,56.51677371351916
BFS,23.022324137684496,67.13357783126328
BG,18.85250192404569,0.0
BGR,32.54470455316084,54.1905805204612
BGS,84.5530636581069,30.68901113942272
BH,59.931898798033785,58.97527023348614
BHE,58.59123905406324,61.03603891198031
BHLB,63.16334163138879,22.330569578537848
BHVN,47.206204586187035,37.69328339845243
BILL,39.457761055012796,21.977263488683963
BIO,36.01548755284392,6.802761436953562
BJ,56.61346485301391,21.122163494066044
BK,94.28254541311198,34.07739028275848
BKD,41.06081560406829,17.722228567104224
BKE,66.65484097580534,31.868551724169723
BKH,7.706950713576603,30.507772621608087
BKSY,67.65674255604632,11.85321573918903
BKT,0.0,27.30190408319027
BKU,71.47947704812137,35.121067898706805
BKV,63.924984083932635,22.3048471776968
BLD,48.459887246888776,55.93388070186233
BLDR,38.103041460124615,41.2534425701865
BLK,49.86500198276272,31.538655231001464
BLND,32.56727401727236,37.07987150455014
BLW,60.2430604978457,30.956015275393103
BME,45.37614109532336,49.89376198911811
BMI,5.748488324580011,23.107890180644944
BMY,22.780627026693264,65.09785985405023
BNED,0.0,46.13285886288704
BNL,46.45700718989739,63.47023463931193
BOC,24.476215994717325,11.06992213648679
BOH,86.9562797401845,34.25773292824353
BOOT,56.49973582332026,33.66969216528134
BOW,16.62864739677724,40.6783069368737
BOX,0.0,61.91824592390819
BR,37.46299656432373,74.61863655183774
BRBR,0.0,32.17041192766848
BRC,44.537049815929095,33.058774773681726
BRCC,11.921436426871463,16.986981498368415
BRDG,100.0,14.049123154453616
BRO,17.85222288184693,64.43603140167755
BROS,48.336324531820416,47.457515773873894
BRSP,62.057010609468364,15.045526408671597
BRT,24.130156449614137,53.43539866233103
BRX,68.60211057525373,34.05016071937641
BSM,40.898736360332585,58.192155757474126
BST,25.76481685046634,43.31591983237066
BSTZ,54.52082370083037,29.39443331957426
BSX,15.230542076268295,0.0
BTU,47.95555332299871,16.052199201396206
BTX,40.684186766369784,36.448387576429674
BTZ,12.77855055584287,65.23993487994079
BURL,60.047848232530384,26.624670157180912
BV,71.48036289505924,18.360892511409155
BWA,35.5312638907,8.211110059524618
BWNB,76.45202060047953,58.099779895884026
BWSN,68.99013206478682,63.237347457336774
BWXT,30.314925245811253,67.26427874479756
BX,92.74859700814069,18.726472328047567
BXC,46.028936723616994,37.42779136555252
BXMT,67.84121775902,19.930316902414447
BXP,54.01115929674661,87.73440233257288
BY,80.2148810866519,21.167835841797018
BYD,36.313807500787746,13.518387493846497
BYON,36.07319791733281,18.943499085403765
BZH,26.429759653748206,26.10218040767718
C,72.62567179965936,53.98560655284638
CABO,0.0,25.265987463186406
CACI,67.52440055259183,10.244008868114511
CADE,83.93332245414209,31.704641573837137
CAG,15.021693955037264,42.88633787525434
CAH,34.1754858273415,25.923744713029592
CAL,57.14119888150013,7.025131656222413
CALX,59.999930112294756,16.533529416259743
CAPL,53.00721833279141,13.696251778730282
CARR,45.788560813983,19.551931919535633
CARS,47.87048750571859,43.52626767016984
CAT,71.45855735580335,24.825915978042698
CAVA,0.0,23.674297741420794
CBL,86.83096633979196,40.722027521824295
CBRE,58.98150143755015,49.60839763928541
CBT,54.59703959001834,70.21230525466765
CBU,77.90909683941649,36.97225593767576
CBZ,71.15212289953449,48.16127631293037
CC,66.75493048562532,32.44996769560604
CCI,0.0,13.729416649323973
CCK,92.97653826691847,24.0809909214183
CCL,47.0028561941296,33.78862662871863
CCO,66.24505422920028,16.199213187069056
CCS,38.45531586954525,45.921866376025406
CCZ,0.0,0.0
CDE,31.536277740280635,40.74850756641509
CDP,90.71047493518326,54.41733157405916
CDRE,52.67552061027672,37.68685490031643
CE,57.585333912468684,17.04004076498463
CF,27.39341849134822,46.967468970544125
CFG,90.13226944975459,29.675363353067944
CFR,89.10282237004826,21.738528633593987
CHCT,100.0,39.96584550531611
CHD,4.245352461772027,58.21965656584921
CHE,27.980341798040914,32.283657418429286
CHH,71.1490449171623,27.25390004070117
CHPT,24.708426575643937,32.587604574900965
CHWY,24.528682276575672,37.209687610812125
CI,39.33756253944283,39.17813267965367
CIEN,0.0,0.0
CII,31.14068353371753,39.362427335161016
CIM,61.93848421699062,37.831867587668434
CIMN,0.0,49.672532801458736
CION,25.388906701524412,0.0
CIVI,59.97178331199142,31.950318613622905
CL,22.820166371965758,37.28158647082063
CLDT,46.19207975343527,24.808957220484427
CLF,25.51547973207673,41.79337143526654
CLH,60.815991231531456,10.1132391623627
CLW,29.89216867694779,9.344468891010722
CLX,6.130135411763304,16.07034852664655
CMA,79.2965417342754,40.85784780174032
CMC,42.448487561593495,51.070610415451966
CMG,48.252008438389645,43.876209465328884
CMI,64.15727714396758,20.85554932069474
CMP,39.31030019732176,4.6746843635711315
CMS,25.203427788407453,42.64192744023019
CMSA,47.81298005463056,3.8577781604076726
CMSC,29.05381822341957,65.15946963712985
CMSD,31.908339592818447,42.833045152413284
CMTG,50.93570614522653,84.49663899385713
CNA,22.845950277401734,23.52358909611538
CNC,48.67629896484366,25.594877716038717
CNK,33.972630272784464,10.851398117209145
CNM,32.63655574983328,100.0
CNMD,56.156492149567235,19.559828525725266
CNNE,27.356713317553485,75.23798279574197
CNO,81.73348690938711,60.31857418571483
CNP,0.0,27.085948092252252
CNR,46.74419152780085,6.238312607615946
CNS,46.71174820457878,31.042760731729704
CNX,25.53747984400126,9.50866327461206
CODI,50.7431385032536,32.10128465797769
COF,71.14138014478249,33.57893727510533
COHR,35.586444185812276,15.563493951227702
COLD,82.04551451488142,38.422608798909486
COMP,47.32751121768671,33.352114384530466
CON,90.7304838154089,27.80811056086715
COP,36.4280596594087,42.40033254555243
COR,25.655612674825363,40.96095671366713
COTY,54.3677456338851,39.30122318762378
COUR,0.0,29.46781300296009
CPAY,76.74405976332868,26.358564036949268
CPF,78.20069239164272,37.168891932386174
CPK,0.8516230146449586,33.713600726910734
CPNG,48.05182353703075,30.144929562043245
CPS,39.64917671847395,2.332217840279115
CPT,0.0,18.545738383813156
CQP,23.96199736067129,44.34368895190065
CR,66.79704864941797,30.623198432371026
CRBG,80.42094295679219,29.432670828965726
CRC,12.117978507646386,36.53600966749981
CRGY,41.54773973600993,23.105393441352163
CRI,51.78112303412538,27.44816111244507
CRK,62.01678961014336,15.821037135685962
CRL,54.22099877016218,13.743524586360541
CRM,77.14580880217811,14.691965893645312
CRS,39.336660082220135,54.120995789152104
CSL,43.307145144928555,5.9696270456935565
CSR,5.476462782178816,44.7158828097264
CSV,50.61782120471163,67.56758013005066
CTEV,10.910626513380295,51.49820350105026
CTO,57.92246045137437,62.34656986653863
CTRA,53.04285597489636,86.33086713586476
CTRE,50.96078988663998,63.476689786285576
CTS,53.86292718088083,49.41871746461264
CTVA,43.32091753004728,43.22455698431758
CUBB,25.84430209470494,18.404539454080403
CUBE,35.50445488123406,24.6136944748475
CUBI,86.79888364948704,22.852787657515194
CUK,49.1950697809977,35.152491889982976
CURB,27.58470366011074,49.192949432580576
CURV,0.0,0.0
CUZ,75.39936867527726,90.52582084824049
CVI,36.26452985457814,7.96896526442338
CVLG,9.244254065790347,27.393738256003935
CVNA,5.663155362067315,43.31670932740687
CVS,11.146717576014119,77.42754930891242
CVX,59.79816530599719,46.01877523408699
CW,66.44841083796283,43.808376660013245
CWAN,61.59586189008866,66.81281501980922
CWEN,44.503869768622124,22.859199362712296
CWH,39.07228111069475,30.26882207241629
CWT,6.700824187196073,25.6392593743089
CXM,24.361899642982635,45.460234174566224
CXT,60.56197111459056,19.393437863297677
CXW,57.09922358995915,28.883457265174325
CYH,28.454146821843764,0.9039289194893687
D,9.598609756795408,26.959049312114566
DAL,98.59637141315946,39.47844794188886
DAN,97.13710196825066,23.108777144059033
DAR,56.91476202081083,12.343669455947992
DAY,63.097155929555015,56.87256690032451
DBD,52.04332619898905,31.32810246047986
DBRG,16.442319785123534,17.88171334895422
DCI,76.78386393323149,23.726538687284187
DCO,46.7749570610687,55.531175793890924
DD,56.738289038186885,10.67248400945613
DDS,63.54044792162922,23.77664012580884
DDT,3.432956593913983,18.523081246343697
DE,80.58962394380063,14.845172005737322
DEA,79.18409965283878,47.7226409132902
DECK,77.90340053219005,35.01194801335609
DEI,76.29183783190128,39.31159392983774
DELL,55.39219299401661,19.607484707041724
DFH,37.813022989814456,37.50254608227013
DFIN,68.84567702257688,25.709174780914385
DG,30.46611015036983,78.2860932645212
DGX,39.26942107136993,48.120223537187755
DHI,36.63059390222523,50.447025360527675
DHR,67.36935388206217,62.876040253590574
DIN,56.62527172023852,32.456756822575265
DINO,59.9266797769533,17.496380145025963
DIS,43.621502356052474,25.772379367209
DK,35.92617867897797,4.463796825603481
DKL,41.28560353887087,58.09728294642155
DKS,59.69237431016581,35.343897822738185
DLB,52.63870538872883,21.693846991827094
DLR,40.58281973503392,46.84183237131744
DLX,61.07984148647777,52.91127282303261
DLY,0.0,32.2425855577342
DNA,36.01340846407762,31.374799439162906
DNB,8.9051593721426,59.77458391502201
DNOW,63.53369377534237,37.594101336545165
DOC,39.29216683603621,63.84734125973659
DOCN,16.716425905990143,30.90078835489957
DOCS,64.0415381721397,61.40776809484427
DOV,70.54757889148419,18.57532387672455
DOW,56.424392239018175,14.168617381937352
DRH,54.80858914944557,31.51739437346457
DRI,27.63706077427395,56.689816295595186
DSL,0.0,42.48261684361243
DT,67.7903609688151,25.02983940048508
DTB,30.79640150389561,26.951029869053492
DTE,31.71829650285164,13.921727416568352
DTG,14.887884880607718,18.396190331241556
DTM,39.95013918136388,59.958731449879345
DTW,17.944878878029908,48.250018889555506
DUK,4.11477364836201,60.12530907571849
DUKB,17.77402181156592,27.29647656263684
DV,27.737359135429607,40.63764998848988
DVA,61.09207920678009,24.63523933500132
DVN,57.711755066612625,38.525563019648075
DX,61.39916120959621,29.23643327932414
DXC,66.19043829663207,40.45520529752512
DY,55.16056672200272,38.310480192892875
EAI,2.5,10.0
EAT,8.688583019973272,65.94428309060751
EBF,50.6777026644165,24.771848302278297
EBS,64.02796216348634,34.70841804656805
ECAT,17.246270494446367,42.92992817164512
ECC,50.12816918521769,52.05599529707284
ECCC,43.623569199104644,98.66274885143172
ECCF,58.018990801335164,27.365732906715415
ECCV,71.31025852662184,35.170857531160145
ECCW,2.635362778352361,50.57669485621204
ECCX,24.65255932233628,53.241041105104706
ECG,59.208057719819145,40.89759788471993
ECL,42.571895074953964,30.694085930773696
ECVT,41.45509040335766,23.99176163043294
ED,4.162773437884641,39.249912411686154
EE,63.05517474634675,70.43074889751654
EEX,56.019049660090225,25.807278936776093
EFC,66.68966269466539,29.140622889756695
EFT,9.521936529115173,44.49686885289289
EFX,54.855449240831575,24.187998067302026
EGY,55.35741380793422,48.122589030704376
EHAB,64.67272219084563,21.497591031831735
EHC,44.018533187035715,27.306862410345104
EIG,22.188011467982122,0.4205322571210601
EIX,10.543035076350439,5.853296043600761
EL,33.86497888896625,33.2306375311058
ELAN,98.3590508274259,43.04174611878854
ELC,0.9303107993124122,14.249583859654637
ELF,4.273865202599603,67.62071235418232
ELME,67.6210841766097,33.89182456780202
ELS,0.0,0.0
ELV,88.59808417357125,52.67230875226416
EME,54.32133883420187,47.88649005234807
EMN,24.50691902065717,25.709121971315774
EMP,2.5,10.0
EMR,63.14639428527171,28.846263716050554
ENJ,0.0,5.571204098129179
ENO,0.0,5.304042792469401
ENOV,47.11626625655278,13.308407299058683
ENR,44.38938840073096,32.61036642604276
ENS,60.106180583999205,43.8881856599859
ENVA,97.02437001781394,57.841899891464244
EOG,59.43502866688355,49.32836805631774
EPAC,65.86081262629891,30.644473977963948
EPAM,67.13500795977752,18.005819675531143
EPC,48.08871824846541,36.51150985108043
EPD,65.33804545591788,24.076141879772713
EPR,22.783301087904118,46.63780751033545
EPRT,30.224497559200785,71.29948046519642
EQBK,68.05091187418674,28.078607866560507
EQH,85.02719311835561,40.30242981629708
EQR,12.088436998307575,13.797953154708717
EQT,47.328172600838016,34.13856168714321
ES,47.73021478528354,36.129181560621525
ESAB,73.0558154013604,30.90151975380154
ESE,90.2267139786031,23.577622784126746
ESI,72.6839393849704,32.067247919646675
ESRT,76.9042938399051,83.33885520095998
ESS,5.30544801591794,25.682515075260724
ESTC,53.452564203568336,0.0
ET,71.79580839087697,31.455595007690224
ETB,14.301060353622153,46.29754581521263
ETD,43.887477278418,41.425453841428734
ETO,32.951579471323456,31.077099544536225
ETR,27.93822179502464,57.68420322627601
ETV,15.792500821204198,37.08712281168368
ETW,57.886901216522,35.07706689700979
ETWO,0.0,33.1946825369626
EVH,34.82733986196903,30.68443096645355
EVN,15.940075204985863,39.103666356342714
EVR,82.13099322450898,46.838601038301235
EVRI,68.24120501110367,21.592665624119327
EW,0.0,27.2059552146628
EXP,48.48964396628605,11.468799634102126
EXPD,78.8954697206076,33.21723758986544
EXR,20.56790657456586,43.345485432483486
F,58.38488117896568,16.452597000724907
FAF,66.72229767230974,43.61950005286648
FBIN,53.67931416215067,27.565991572663737
FBK,67.19509313330956,34.09365363553107
FBRT,76.04760525530547,36.62660411034348
FCF,68.21943456422602,21.31284453909443
FCN,74.3174814974556,22.247360169697522
FCPT,26.541842252553508,65.19095942806675
FCRX,66.01252321230767,0.0
FCX,34.901993627105696,73.61273763686508
FDX,51.37029598274976,26.840979548786574
FE,12.820188323131884,9.260323592244806
FFWM,71.09704430526793,23.845583869154982
FG,53.23420101344512,67.21623130696979
FGN,50.01582835472937,20.201142867622156
FHI,45.485848921073476,35.57087811786506
FHN,92.39072746844252,25.52157128993414
FI,62.002336091282864,79.29902444116878
FICO,2.04258562249343,37.337514467696074
FIGS,32.88940761432514,42.86463686936094
FINV,48.347379577578586,27.148132517888637
FIS,60.75224736543088,65.1627689065015
FIX,56.67238646316301,47.550176813137455
FL,70.99157267661158,21.654417735330767
FLG,60.28102234143428,7.541539013570683
FLO,38.02585358831262,43.8886988165637
FLR,65.10863408679992,58.31412887327799
FLS,31.353030955064256,2.641500515838933
FMC,51.646799716422436,77.40504106127945
FMN,62.58288678132021,39.41626579349475
FNB,86.4974628058333,19.197252935923956
FND,19.65581611018439,9.525233561625738
FNF,52.56685060400675,40.738119914601064
FOF,1.8250362402436526,47.65476912908916
FOR,33.09017064387246,40.86188608845345
FOUR,0.4285624508521222,38.295398712708604
FPH,41.547807778365524,38.100825438524225
FPI,36.38314518281068,79.43890297778103
FR,51.31293442864104,22.14594140713195
FRA,19.213900622844907,53.54517770991038
FRT,81.00077128024412,40.20874981104718
FSCO,38.293593662740896,33.39312037263806
FSK,70.92841664894165,34.56147103163601
FSLY,28.016017233422602,14.097841323263067
FSS,39.308518541465375,28.12108801251921
FTHY,51.610185352250646,51.93554511495742
FTK,0.0,27.65342153881838
FTS,0.0,46.79918047723564
FTV,60.11309679785675,32.272029240050216
FUBO,7.301719716941236,36.837339644461046
FUL,57.570054862949036,28.790016904529836
FUN,46.80961560248,3.595011748135611
GAB,52.69983090413156,44.52896813534791
GAM,48.305384285936746,41.95990766968288
GAP,39.02559586978042,6.488908539224575
GATX,17.44079908839536,78.66900086338052
GBAB,33.677836380451964,39.80427619087631
GBCI,89.97772176784939,48.917950894969884
GBTG,47.94944280885108,65.51195414407871
GBX,74.58506188892612,40.51844840879608
GCI,73.01692530181631,33.45328004732983
GD,84.00165113900245,26.51419643424454
GDDY,42.28681191308253,14.551577941734017
GDOT,26.84341632832846,30.610984443245464
GDV,62.36045112594682,52.1037922350023
GE,50.77309444592751,49.640484006632086
GEF,81.99935375035312,100.0
GEL,89.4646639124847,20.940357499810652
GEO,47.64010009163015,33.87359495187666
GES,77.70416434534927,17.64055714810598
GETY,1.630955173141708,1.1799894600757135
GEV,10.57905086100949,24.060046396156583
GFF,60.64667478792984,31.560086422650073
GGG,83.67249039436874,19.15676600893527
GHC,14.23085905850242,46.92565449027839
GHLD,38.091750533215944,71.8621189242503
GHM,58.8098321461064,50.547977939736334
GIC,52.26502732224435,23.54543537516755
GIS,49.88589669301696,72.35501495443928
GJS,46.403398316433126,52.32865668478616
GKOS,40.73942971091354,19.01769083640071
GL,42.19265087412756,65.06899118079629
GLOB,63.63711576121367,26.34026601955836
GLP,21.209685507478305,60.19536723856133
GLW,23.173979994795253,34.67025820785
GM,17.214559111085126,11.476376131672119
GME,51.63614074147046,30.790440157246355
GMED,56.434044183312075,46.2276834982693
GMRE,65.78386662233561,41.534822839796064
GMS,46.277741960958465,55.725593414676325
GNE,48.048456246431165,58.327770125545484
GNK,66.75692934003536,31.872686844154266
GNL,43.08401612941842,12.081002691241645
GNRC,54.22684603274932,39.29501187556484
GNTY,66.26237278562411,31.87899294499592
GNW,27.818967960255577,18.923178653739427
GOLF,53.882358452567196,35.674216376616315
GPC,6.043332976810113,20.22517206829813
GPI,40.54872599475642,16.69766349003048
GPK,66.07203265975255,44.13410730990231
GPN,61.59088817236965,32.127840979791
GPOR,26.34866621863986,2.19333464570074
GRBK,41.32343412018623,22.83269655816937
GRC,58.76565724301578,38.28284967333543
GRDN,0.0,16.05233646351933
GRNT,61.462036693523615,28.28492978008671
GS,82.01124395530147,36.94404745822284
GSBD,90.37547824652052,43.25444993201779
GTLS,32.438840035743866,17.208893386105487
GTN,30.319272756439048,13.211964744301747
GTY,46.35107962029018,40.69728104723602
GUT,33.0710580227829,72.04835737323826
GVA,69.8538418622521,38.43276530691775
GWRE,29.10604766568593,100.0
GWW,73.87321793471455,21.249555010288383
GXO,58.43618055521276,22.80230104898069
H,50.12834690613071,21.222285601202756
HAE,41.21712566050698,44.99982261720042
HAL,55.315499834238516,41.139462153404466
HASI,61.865512126123065,13.451979655925438
HAYW,34.81247739188226,32.06884505060371
HBI,68.73362263742338,7.370826229956342
HCA,33.44665239389306,26.190470440880752
HCC,54.92977187506,55.33982383780335
HCI,34.76122945924272,31.400761495486414
HCXY,14.476398491787469,33.53809536852738
HD,0.0,14.832325930726595
HE,24.45418068365783,0.0
HEI,16.87818241062447,65.5295878400984
HES,46.372387565829854,62.47101656341051
HESM,79.09500994166774,58.07303010488467
HGTY,4.057788487579046,41.30844437072997
HGV,71.13951547012316,13.218682426760756
HHH,65.4333300052068,28.24013921699825
HI,54.8849057961916,28.210737571327392
HIG,49.575398172051685,22.950913220034344
HII,47.78969188424222,30.956737538112776
HIMS,41.16787133224848,21.59295846477134
HIPO,66.88864986086517,91.41578002449444
HIW,74.31081352844949,56.631514344495926
HL,24.47902967955656,80.95717739002183
HLI,97.62377043629176,32.495968258750565
HLIO,44.426775594798755,26.562128605677668
HLT,85.59118487341628,16.394666228295947
HLX,39.28294715503912,60.47443543249372
HMN,72.78338494025441,46.11388904334667
HNI,38.9457107233406,25.93858813080379
HOG,51.7756506446071,20.642091679636156
HOMB,66.36268062889947,30.940701908651995
HOUS,80.04386481395578,28.51205566540375
HOV,40.10455809466012,27.46514573155517
HP,35.942010467084245,47.0912495822072
HPE,62.30672729791475,31.204675538937416
HPP,64.102121361081,58.92999094516873
HPQ,48.79143314075159,4.013405531674701
HQH,72.01942738194288,42.98618422441902
HQL,66.27582017335523,73.5342041156741
HR,50.04534869229577,29.22217022830595
HRB,20.134784185028437,56.8112915307524
HRI,49.614870952050744,1.3357410846793698
HRL,3.350818948548671,63.640419705095184
HRTG,39.70105198643119,38.986950257184624
HSY,0.0,48.88064370630484
HTB,86.02584877479612,31.555177844300058
HTFB,0.0,23.38021939950878
HTFC,74.66424831244493,32.531647452718005
HTGC,76.71788341720361,100.0
HTH,56.87275173242132,33.326775059906325
HUBB,66.85378060535234,38.21808599508555
HUBS,62.733627321291124,11.085681176546533
HUM,17.670324474563408,55.997023883405575
HUN,46.50039051478475,24.59308583737436
HUYA,48.057102332252775,83.75315846153778
HVT,35.1655445021752,19.796214824875072
HWM,40.269534861200626,39.16674227524301
HXL,35.372384715744296,58.45204351998756
HY,52.906736737716614,28.76938338657005
HZO,64.77662536701335,40.796090436393236
IBM,44.09269583253158,33.92736118844679
IBP,24.65378225387571,57.08068809426528
IBTA,43.220745209077016,8.530685866454359
ICE,13.563505935525528,19.158078005277375
IDA,20.941278204994514,57.17902119908045
IDT,92.62331439174545,51.58172828505245
IEX,76.36111297930837,22.647467487377057
IFF,47.853635661748726,50.36962785150742
IGT,34.709665645632136,0.0
IIIN,64.03148225652022,32.779029344349816
IIM,23.54028119046879,19.080425760679585
IIPR,53.901560900135294,10.74716730695673
INFA,0.0,42.0270888625335
INGM,73.92538813673734,34.07725340751355
INGR,41.47824861030992,15.613774555531096
INN,39.799412956962314,16.008887338049544
INSP,35.50912106243982,10.871715565791769
INSW,29.902010766749413,19.645742825404675
INVH,23.647041852995798,29.153336645058737
INVX,34.65170322473158,70.83650062297458
IONQ,36.846072845211026,8.917367982151678
IOT,0.0,0.7275450194601003
IP,49.20477512228819,18.4270009531673
IPG,31.866313959994592,2.98674447036057
IPI,25.088621976411844,10.44825251892328
IQI,0.0,27.002753035517802
IQV,58.82762862672761,60.29895155733865
IR,77.4053070777853,17.10547021891658
IRM,41.233730762870174,24.885878524708815
IRT,0.0,19.597083366997545
IT,17.473245533894826,2.947994793436126
ITGR,58.87323963066052,49.03406130414309
ITT,78.6081179622563,23.477328149290518
ITW,62.59236718876474,23.065250212715817
IVR,56.231807395936364,24.556037935055734
IVT,60.16721179195754,41.72866095453336
IVZ,48.389364943374666,32.00053460305816
J,76.89786473979414,9.99709339288498
JBGS,45.496167936828485,34.42880294091133
JBI,62.33077614780295,9.993834456989742
JBL,60.280929431818265,24.997782148125644
JBTM,61.225466095307,30.03577768231863
JEF,78.07828658776694,29.28252872952859
JELD,24.112586882046006,27.473279519339876
JLL,47.13009783301653,45.93239266814636
JNJ,44.92812844051726,80.99372784618086
JNPR,47.60189655392485,21.500330799232085
JOBY,36.627320954566514,45.48967099950931
JOE,74.17945366335294,46.41165540162204
JPM,51.61585069251416,29.28941202035033
JXN,46.95464701010829,14.974010951643148
K,43.194860131357,38.69516512752096
KAI,65.89126539683194,44.34057710754023
KAR,24.473311480400334,38.9338120812016
KBH,29.567761034994632,33.545159704545085
KBR,84.20648369458159,44.83085850693164
KD,79.17452126556535,8.554845674873032
KEX,29.652193795910474,24.903357722492995
KEY,91.14283087994343,29.99137222613428
KEYS,64.09468198845848,30.8616207959748
KFRC,54.61709932705845,48.594954073979
KFY,50.913144725866154,38.851674020043234
KGS,50.52874799682614,52.64586136346541
KIM,22.47475867475776,20.792897956003365
KIND,57.74841684379261,64.75776916517853
KKR,80.55573855302602,12.767227150035044
KKRS,39.04201156318405,1.173039144275538
KLC,16.087824215694265,0.0
KLG,20.661768940078797,0.0
KMI,12.746538155532454,34.227752740919684
KMPB,48.11006736441522,60.95817209096467
KMPR,35.90620982517724,41.74306873355256
KMT,70.97799812065946,39.677271470318246
KMX,21.156136714197842,57.05607033207046
KN,76.0334030925816,23.350222039005295
KNF,31.55909789512115,4.143762181387697
KNSL,61.34001259032071,56.20458709671085
KNTK,4.860666467700181,16.372892078194205
KNX,29.088282414308388,21.189542479214545
KO,33.37342892156264,49.760135725765
KODK,49.99398709464264,17.486922648566036
KOP,66.0576869416666,22.502737270003934
KR,7.465711297159745,18.544833632525467
KRC,58.62834976721829,100.0
KREF,68.30921065993927,25.736749930695694
KRG,94.13006950342695,42.785112316001175
KRO,53.56075581741132,48.51950084366007
KRP,78.848153451758,38.62609366256818
KSS,61.47898955039381,46.745141102624835
KTB,70.60936599731492,13.981925472931788
KTF,6.884626801301307,32.651177681234046
KVUE,16.265105905572007,0.0
KVYO,17.30206120741891,9.162080817780886
KW,64.32033438574777,46.49901893366535
KWR,62.16635167427241,42.11300220102271
KYN,21.24648010432651,40.20969160731523
L,37.99508246819258,40.68786365324894
LAD,75.26739507071483,37.20790228815621
LADR,81.36882847187756,43.00672672378684
LBRT,37.10368454265057,56.487898725791425
LC,57.45471418704309,39.728096456115324
LCII,58.73782544049651,36.125393630678055
LDI,53.40312511246276,27.510619020075968
LDOS,67.77553470445902,26.883932986469347
LEA,42.39462537083777,15.59619667074127
LEG,32.7103559915922,8.185340218575542
LEN,37.337591954542035,48.32447354251309
LEO,46.396292293065144,8.578758202537198
LEVI,58.90006347673046,11.756810844862017
LH,45.53263759042905,42.42213581467789
LHX,95.51802905030522,54.03236150594107
LII,23.44976974049842,7.869945502782768
LLY,31.982560252774643,70.27394809549077
LMND,61.06014135490405,88.60556628442802
LMT,38.851107528306514,72.30706717610046
LNC,69.75100710720379,24.642187935668545
LNG,4.589502689213909,78.89120814520786
LNN,11.84150675212125,21.777111307365104
LOAR,36.27463047824814,59.94955288245161
LOB,83.20786861631491,16.755944439412247
LOW,0.0,19.856737615078426
LPG,63.90446252560961,31.570145952906763
LPX,46.17744606686526,19.01709938188099
LRN,32.847714152086255,8.099044618476999
LTC,32.6885314244272,9.397572966168193
LTH,10.58177255776144,49.41417985323476
LUCK,43.2227284578431,25.420768068260738
LUMN,16.656229735797016,9.02588072534702
LUV,49.4240863765811,13.917425271594444
LVS,0.0,3.9153188765621194
LVWR,44.26118171422705,98.37094819463238
LW,23.384128484354484,71.68647012146859
LXP,46.47219937932397,45.23747357045867
LXU,5.217649745716037,8.300769913726551
LYV,66.15063707250562,12.492122954427073
LZB,6.8993977276205865,8.959365119212993
M,63.527632595562956,23.87448563005713
MA,81.1118349294287,31.402134245046604
MAA,14.410951328218019,21.01149007802575
MAC,34.21590827062907,27.94287630731549
MAGN,51.32947968678859,37.36963284341765
MAIN,78.84250374253959,62.772209839408106
MAN,36.150229144587065,9.456356014896112
MAS,45.89094565014832,17.106359102625213
MATV,3.617571397382111,33.291315611072726
MATX,49.457224538985905,41.60976856012532
MAX,66.54545348624428,17.98657992971326
MBC,54.91881757964431,41.63493238890186
MC,100.0,36.1770307267992
MCB,75.56923804657778,18.19810400426421
MCD,0.0,0.0
MCI,29.706560429438213,38.104380916193264
MCK,34.83557219949055,40.893479190316654
MCO,57.88065698711638,19.604837444991063
MCS,29.80558589281464,16.161443931594306
MCY,22.847929122048455,51.940482407902756
MD,58.0525971648769,22.573296211044163
MDT,37.68093049063699,84.39204284990076
MDU,15.064151775929043,10.721998840603048
MEC,0.0,13.624094269144909
MEG,54.90602809951214,27.930539266097405
MET,81.76432528339996,31.576523633598832
MFA,64.02496304950553,47.017760518626616
MFAN,39.7740080487004,55.195539221730996
MFAO,50.145477498287846,48.756031879887395
MGM,46.3635347176697,23.576388945994626
MGR,41.41523299237882,34.088249975578925
MGRB,37.94175909086158,21.846415494835576
MGRD,47.79307083583291,6.940512034000297
MGRE,34.75878612433974,31.582184137927356
MGY,65.51497589901571,53.10644380807971
MHD,0.0,14.964108666283007
MHK,58.66721559249783,29.23274647407937
MHN,11.485489387416415,14.32621010689953
MHO,34.889698749448144,27.726924316938927
MIN,1.0375957314494784,24.612970935854676
MIR,58.257638230745435,34.10079602508835
MITN,9.94222261870513,43.34941389770612
MITP,0.0,46.94793970934397
MIY,53.87698095524785,19.225204581622638
MKC,48.64865073955667,57.75598753134608
MKL,31.798794269235465,59.396904914834764
MLI,22.452089425403738,34.099709390894645
MLM,59.60979889429685,8.072813992572046
MLNK,49.82278049200083,36.84171572544968
MLP,44.9653819944846,66.3204287603926
MLR,59.834741610794886,25.140926393310835
MMC,12.190604038021057,14.177556954104222
MMI,34.25133434362192,55.008391961630586
MMM,7.91479939405003,19.116324921365518
MMS,52.938902999413706,33.75031964558774
MO,7.535472885147973,37.03207538987345
MOD,62.07274333652883,30.117143466770088
MODG,36.69341833980722,17.09179776820012
MOH,42.52482080766967,11.337238120896487
MOS,0.0,26.861643064431345
MOV,15.494251287812109,6.90901809392002
MP,33.978051168920615,65.20850142065953
MPC,45.8467751437385,8.529662220918851
MPLX,27.89790647669065,65.12253591983347
MPW,46.18776743750645,13.43627915072283
MQT,10.995293353445824,9.790316848943817
MQY,28.1469794120936,12.926012397937221
MRC,55.72498907631031,21.064467658282037
MRK,67.75645931768003,66.14749084338857
MRP,18.038137535605166,14.79842421575244
MS,83.20364297693271,46.35042787825067
MSA,31.55329818838961,54.06911466157054
MSB,22.51462258038589,75.72702018208696
MSCI,70.8813086330652,22.114535447427137
MSGE,50.23843171970937,28.564442279985197
MSGS,89.50250037999159,14.445388325551237
MSI,29.674964128564834,25.534702761893815
MSM,63.043505878007494,32.48200973269502
MTAL,71.6955248793216,51.22201700489286
MTB,69.93150269112908,23.103442975126725
MTDR,54.31508031434301,52.12364100270599
MTG,46.136535204996164,19.06583757788078
MTH,30.845344716876095,29.596206948918216
MTN,1.0124923494575637,24.744452519385977
MTRN,56.92411411578997,69.59069235249996
MTUS,23.828334253542778,82.22171653004457
MTW,58.59356326302858,19.812647071979853
MTX,44.61043650852454,17.147018142250857
MTZ,71.0052737509771,18.23718064250348
MUA,0.0,19.981847698406092
MUC,0.0,15.189960478415987
MUE,0.0,10.306684208867445
MUJ,0.0,11.7180183035838
MUR,66.55450398957957,41.52001043919144
MUSA,41.11969463506118,29.35734325773015
MVF,0.0,17.25520257014297
MVT,0.0,7.684520428487172
MWA,79.63196619571285,43.916743108031255
MYD,9.543745219626796,11.626159902409622
MYE,54.108218006808215,60.21719125442556
MYI,0.0,16.97927010258604
NABL,54.917438905970286,17.23080045814774
NAN,17.49896100576606,62.533668888898546
NATL,27.783084993947696,30.722439912628168
NBHC,78.05292112541245,21.574112618221882
NCLH,55.4641949930537,47.25797884797787
NCV,64.57253129600471,50.046824936578176
NCZ,78.1543341991912,38.3761433436711
NE,44.94791196376334,75.69455877182622
NEE,50.34329509323284,30.071619899469596
NEM,0.0,74.03004169762508
NET,41.13887768819365,29.402427334523637
NEU,66.68120986581282,22.074960758369542
NFG,37.58589276669485,30.32400401252204
NGL,82.44148593887634,46.44856908754511
NGS,63.31922331694693,28.996207376509492
NGVC,19.996510378100822,7.695698459336516
NGVT,61.26520428633803,0.0
NHI,58.15353879407944,21.741569387733627
NI,34.90035058455408,70.69797653964625
NIC,31.07456694520845,0.0
NIE,58.01179078794978,28.773579795514785
NIO,36.08651829099499,4.375672326638274
NJR,14.432708297987656,30.385025015484278
NKE,49.28312672146783,41.68748018193825
NL,28.873521467325595,15.01601463812936
NLOP,65.24953214678848,51.25666234659889
NLY,59.24187453967105,19.181475770096817
NNI,28.286913174813797,20.899854309586914
NNN,53.2403046377082,43.79441565215496
NOC,19.03702706123103,73.09976884900946
NOG,52.592898482367005,41.63985811892999
NOV,67.84726722215774,37.33457214636674
NOW,89.53995712913026,18.69650886529275
NPK,94.12100865144188,81.2935029776875
NPKI,54.13727965124674,35.191354916091406
NPO,62.21126010846953,44.95400754067748
NPWR,47.96508213819156,85.2743352543935
NRDY,67.18550179759917,57.368626163500686
NRG,9.242965798744516,22.829685917190165
NRP,55.831459067932094,61.19915421957553
NSA,18.782461940110355,9.391986297196613
NSC,85.50431575977272,56.62963735528282
NSP,0.0,18.10769556153558
NTST,42.75126248507772,88.82143216863452
NUE,8.992605984037963,65.42102884150206
NUS,13.396495772901607,21.24536115617316
NUVB,24.246655950596704,88.93023363454859
NVR,34.70526008341474,33.293107256917274
NVRI,23.037485464173397,16.037481114888067
NVST,30.36655446984498,42.51396168854667
NWN,8.790683764786879,38.15390556401766
NX,79.27995195013432,34.213241709766464
NXP,62.90566190134196,17.336321348514264
NXRT,27.74152708222221,13.816240935951488
NYT,23.327426798834455,36.4165091848952
O,29.283527725450043,68.11764044215401
OBK,77.42010825577768,35.54424586802654
OC,40.655245690153805,25.010460491762128
ODC,91.27369830921569,73.71704389233243
OGE,17.248617443665918,54.686939427206305
OGN,47.11062495268286,57.90679671900905
OGS,20.96117537183443,50.68424974371291
OHI,32.61392087011676,80.23650114930045
OI,77.60043045517895,6.510898231109042
OII,47.273516174790274,51.81916883843085
OKE,28.995810360380073,35.2859118042749
OKLO,29.31656577151646,25.450069959835208
OLN,33.01772350771654,22.316464988097394
OLO,53.158253847621204,6.19767273172886
OLP,38.87965941444457,92.4904963823285
OMC,34.41838488612302,8.030102397015337
OMF,93.73687094056561,53.592260609182055
OMI,71.78581189404181,54.384979314341074
ONTO,55.555393473418704,54.35421316480888
OOMA,33.0189949542328,2.105444968338772
OPFI,61.95335600326601,36.83398771920532
OPY,38.464658528692866,23.93467289270349
ORA,85.62345512512897,77.36764278068414
ORC,46.94013874788041,16.931814946862673
ORCL,55.74720258443097,55.11316831420968
ORI,23.68619681128698,25.168202474559315
ORN,73.36508066856676,26.05941579129353
OSCR,57.56319325170717,33.90896616666697
OSK,56.14846057021232,50.453860770220146
OTIS,67.42955129657362,9.708313049426554
OUT,0.0,20.20613131208255
OWL,63.86798672552058,29.311870266720312
OXM,56.71771936799349,23.65788134522345
OXY,53.374024992562674,39.380421515929925
PACK,70.15126264731177,40.57909284936443
PACS,54.660144080759046,28.14051671691523
PAG,70.70770864053277,31.49137713521823
PAR,67.54270881504723,9.033361709770155
PARR,40.77060026035407,11.213596692356647
PATH,39.34402763102582,26.624034212005903
PAY,6.201796658712204,11.726028090090821
PAYC,44.43962805701072,24.490988603799778
PB,68.33249289801802,32.45933823226288
PBF,30.045812958311334,2.8525605220883863
PBH,50.54678132894207,21.247965631783277
PBI,88.22320730638853,41.29911414691972
PBT,49.65671647642109,23.809263901402225
PCG,0.0,0.0
PCOR,45.95830044670766,8.682777283105581
PD,64.39448380836161,10.753034788910679
PDI,15.663061372342657,45.13782586484925
PDM,37.794209531881165,66.99503427457422
PDO,0.0,40.306039228039424
PEB,85.08456114870613,19.096522545222587
PEG,14.871883462840152,74.18796019280556
PEN,52.717543656653405,23.151278642933995
PFE,44.90315121095781,44.4399066390092
PFGC,16.614578765685227,29.348589861531096
PFH,30.983687019850777,46.44452409623406
PFLT,74.1285412120178,50.731179454689425
PFS,73.65046062753702,39.85875258177049
PFSI,64.92184348806524,35.43957584204801
PG,13.285571852686019,37.4475255384464
PGR,2.6447418398060023,17.359247877481454
PGRE,67.89716105470022,38.40590005954279
PH,85.641990545802,29.9531462360227
PHIN,43.27136622487518,15.549192392363747
PHM,37.576255185457796,40.3125930197924
PHR,53.58671798753344,52.78702969672724
PII,40.58471440021336,31.55841472998261
PINS,37.79799754616907,41.71632477793318
PIPR,82.0765949081884,42.35251265647477
PJT,89.19906954188814,43.780134323513536
PK,48.170502612543594,17.44450201274131
PKG,81.19864804104854,62.89923348986787
PKST,31.433281961741944,47.469385777973564
PL,66.67417570610392,100.0
PLD,17.802822535655913,25.632657063901377
PLNT,22.318537902951356,52.892565087588935
PLOW,69.27030331261074,24.033480317751174
PLYM,49.30635055323152,15.50300476414467
PM,16.193001637245427,60.85776820035369
PMO,20.098186534392774,14.16245423821695
PMT,66.31648051832634,25.165430337672298
PMTU,0.0,12.235121786668238
PNC,89.95553052892946,28.38524357189307
PNNT,74.06007293959985,28.906372604163813
PNW,3.024966408020582,25.97119593846955
POR,4.97955616324437,0.0
POST,25.699991717541938,52.169086904672994
PPG,69.51548740417651,19.740657740978328
PPL,9.126782952619767,41.68727393244036
PPT,0.0,39.073829609766086
PR,61.66328648258197,51.095716782728104
PRA,10.204560192034346,33.14000688789656
PRG,51.53605230743743,31.89741758517546
PRGO,20.363279977024085,0.0
PRH,27.835214561395716,66.44929383261984
PRI,51.47547439299175,33.96870824117453
PRIM,79.3406618565675,34.077448527180934
PRKS,25.355193371060444,0.0
PRLB,62.19917977220031,14.395457641231108
PRMB,18.735573843024575,13.835721578926478
PRO,44.292354551392435,50.11966219185954
PRS,41.428301163396554,73.73180753164222
PRSU,60.09983639647582,31.99172697741468
PRU,100.0,33.71030768304017
PSA,19.725113292246707,29.07737714894632
PSN,51.84706920178011,59.189920111818935
PSTG,59.59962367305973,7.779860620480538
PSTL,18.98669549622085,72.94236253381808
PSX,38.07431769930538,18.300493079355512
PTA,51.07555821547064,53.114180173717756
PUMP,54.7868128806971,27.219113869767526
PVH,0.0,0.0
PWR,35.49807749371301,46.88564864438926
PX,5.593975626316477,0.0
QS,37.60544770064231,25.181437327183314
QTWO,53.27351974859647,18.6944878420826
QXO,94.5288352935765,43.846493328803035
R,65.24355438443156,28.15408994629007
RAMP,69.04964050728017,40.60385902371486
RBC,44.37397743982438,48.284243870303584
RBLX,41.51597408524838,43.82734651707473
RBRK,0.0,19.72102313966133
RC,40.6641513337813,20.199409355416268
RCB,35.1154450811149,40.474321445059914
RCC,32.52946743174705,0.0
RCL,50.08499274013289,68.16262386608697
RCUS,45.199507568168286,81.01559331620659
RDDT,53.98888275596206,72.23194591349319
RDN,36.01613602799145,12.66052928419376
RDW,57.05281166412794,81.17607213215288
RES,33.304172837505526,48.45775950683948
REVG,61.294093237157604,88.99965861116388
REX,46.97338354769634,60.0330239054716
REXR,74.97055666439356,52.53951693346305
REZI,69.23637433147123,12.603740803684207
RF,96.41246211688444,37.755881178021994
RFI,0.0,35.029068287456724
RGA,75.44223690094017,39.93041223768526
RGR,72.97620351686052,67.99585613153074
RH,60.50759913018454,20.8685582294762
RHI,28.918374903021647,11.295291027520038
RHP,37.25388093064388,33.388725332179995
RITM,68.68874947256313,20.180057168239358
RJF,56.79688312550496,23.68221274885764
RKT,46.94113709948934,20.53597867939957
RL,18.60400492750694,25.73401760240366
RLI,30.296803912605636,56.67186859025723
RLJ,86.72366979167431,23.71693874016045
RMD,63.094993656874415,34.424412427754476
RMT,68.5213520021167,44.47848044961338
RNG,48.55279914835487,14.438872166281646
RNP,45.61573486936463,67.32355939116697
RNST,83.54318461271455,17.30464992265554
ROG,48.18246579541332,10.596939299944994
ROK,61.184297775269776,19.62859119989797
ROL,7.024221146544913,53.85480160380962
RPM,55.44496246859457,29.89915108016059
RQI,38.39678574107923,53.60528055766701
RRC,45.813624325051244,9.719582204073223
RRX,64.09639852087169,26.261713096225243
RS,34.88316084070156,50.04939267409918
RSG,8.333516416923457,35.083119849100726
RSI,78.07713347419791,71.8693255380284
RTO,20.668581636661337,14.231482449255441
RTX,26.679012514488676,38.46511764976593
RVLV,24.058223049129662,73.40650595840907
RVT,74.16654947454906,24.11607676766736
RVTY,58.49709438310922,52.48345923141311
RWT,58.58099049984692,32.422477179971054
RWTN,65.33221281798964,39.15461013118249
RWTO,15.777387557096858,10.854379169163538
RXO,44.43484234716445,15.968481911947354
RYAN,0.0,19.082968413057646
RYI,20.26346356854357,64.84938970610814
RYN,48.860348883535465,54.93202487260167
RZB,21.01308885238545,0.11457333169821027
RZC,44.91686554236736,0.0
S,52.54246350361028,0.0
SAFE,56.43451385792811,50.77948435272892
SAH,73.16652536946378,55.45367613895739
SAJ,7.534453073366633,55.40706840781045
SAM,35.97179125665968,14.281364765755194
SAR,17.390563975926508,28.390664687478115
SARO,53.373509582443006,49.98626167024504
SAT,89.46308161950995,30.38149675782949
SAY,27.863405029613507,32.23249215469226
SAZ,0.0,21.33823646579303
SBH,0.0,28.447286199998274
SBR,23.898345350775244,54.567941107621785
SBSI,82.36252455245787,25.893003876256998
SCCO,55.469404870839284,95.9872065592356
SCHW,69.0467579845804,32.36399467960489
SCI,76.44241594650687,71.01921153444363
SCL,59.1493992642374,27.467563970236228
SCM,77.24609353919563,24.6043796715736
SCS,40.19862547837486,43.13008868671504
SD,46.19460310087237,62.188995978888826
SDHC,14.618006155024608,74.24615047390866
SE,22.117791712780473,15.062873844641812
SEE,71.19435325431488,37.16778283084111
SEI,99.01860112708965,64.61400961136857
SEM,51.55095803537414,60.226984924776474
SEMR,55.361151736078234,24.995479370556787
SES,65.38457620849704,52.70288142614963
SF,83.99431628228115,21.673957372173053
SFBS,79.12442407455868,38.752650651071
SG,11.886548663318036,33.13612977419448
SGI,57.34619271350969,27.54423097550736
SGU,8.253286826948113,31.534400239417394
SHAK,55.92214502459432,35.3215559261905
SHO,26.002305494485086,10.591676279167839
SHW,22.158665145491042,17.705866673020427
SILA,0.0,15.936746948820804
SITC,40.264133897136055,24.078358558964474
SITE,40.72932138954923,27.387129688406702
SJM,0.0,25.383789603496048
SKT,76.69926406783455,45.935537103317934
SKX,33.99306763489255,17.200335959061988
SKY,43.547296031509894,17.88478461388778
SKYH,28.063307564378004,0.0
SLG,53.92662379657188,74.17141246694878
SLGN,49.89210801990826,13.361925561275093
SLQT,26.742147660632593,54.19079096899897
SLVM,65.35440751256903,28.815191291791276
SM,42.949500626562354,61.861785777155816
SMBK,69.6434123351741,40.20855673773181
SMC,32.13774235557693,0.0
SMG,72.54004465170237,53.368576648288204
SN,2.59158434531893,5.995162522497201
SNA,64.71672727171376,20.395663140586635
SNAP,26.719946663222814,7.458053746372114
SNDA,85.81666854687961,10.545325948383802
SNDR,49.00296000397824,44.27907188805412
SNOW,33.18681106882471,29.460954359240922
SNV,88.19070142166207,35.527568537514696
SNX,62.25390643814612,19.063238346323942
SO,14.000406353880727,52.331658155077584
SOC,33.24182643481621,0.0
SOJC,45.096040926499555,50.599200427609205
SOJD,0.0,40.19851230810291
SOJE,15.14268672558019,33.47417373351386
SOLV,17.681482758683472,28.27107002295232
SON,43.347000159543256,9.153701184677775
SOR,34.857452845306135,32.09911465566913
SPB,36.501150695049745,9.758508138996335
SPG,26.122543946919876,18.73783038897882
SPGI,88.20276856659545,17.71787700526124
SPH,13.723295815755439,32.017938322614775
SPHR,42.57638834277518,12.434819233090973
SPIR,65.45342589613114,8.704714158034342
SPR,16.609804639670344,22.725848228343807
SPXC,40.04772549930464,29.29678132699745
SR,22.187640704927702,53.48997179235293
SRE,35.53107157269614,17.969405438529847
SREA,9.726232740910849,63.50501826641851
SSB,86.0806726261379,28.664542247342478
SSD,21.089945675126298,26.30306246305886
SSTK,0.0,22.98677998603736
STAG,69.217083372719,66.44386221649157
STC,75.73740794262793,32.37643662686515
STE,53.9300056070983,24.739150954412366
STEL,82.97005083918486,29.986900105343338
STR,39.6516401156234,91.95909693272726
STT,98.90674256434856,29.33118419905812
STWD,63.11027508825194,44.34423899727102
STZ,15.5333546100382,0.0
SUI,25.01169440749473,48.709504082568735
SUN,40.471973776216835,12.390947794093204
SVV,18.752012635998604,30.028215348466645
SWK,58.139067222981296,31.732598110095253
SWX,4.614038416976501,60.88150249989234
SXC,61.95606698158126,30.436677325368468
SXI,66.72673359628742,37.351535295109514
SXT,58.21774570411182,23.77747419099087
SYF,66.46126781642111,17.34209109886717
SYK,68.79197716258525,14.171974682059053
SYY,57.660173099952544,71.13474337818235
T,46.067446717209414,83.02371673686521
TALO,6.269431975599568,17.168547367985678
TBB,25.86591679460959,42.600840696798976
TCI,29.22136822625588,39.57142824343727
TDC,49.396196200326216,44.65854918595673
TDG,53.282535467108374,51.420666541463916
TDOC,65.82731176434122,30.554758769507863
TDS,62.43956793302831,55.755589002894816
TDW,54.08946816500829,33.01624416460784
TDY,58.853207642710046,29.02317255916236
TEX,58.32738126294794,13.991107647786123
TFC,90.66140387065451,18.27510569885575
TFX,59.50112234658033,64.95444359173298
TG,52.24992762240049,45.869238709244684
TGI,48.87607206288158,20.349320823095713
TGNA,41.19164424130968,16.227850304867008
TGT,83.18788337121032,29.69477587369778
THC,18.00135628738665,19.385461587617097
THG,28.5846664187411,67.7373123601242
THO,53.31080998935521,65.00668811152556
THR,65.95117378181037,40.427067944131934
THS,64.53021484760508,1.5366636681993566
TJX,37.32825466472581,16.997255471734924
TKO,28.15293970906766,40.92397395604601
TKR,62.38549704263152,28.43374589186824
TME,66.28577868186723,44.941002925128885
TMHC,42.82060831223369,39.67881137198154
TMO,51.89239207326371,54.40739669915537
TNC,63.71875402752292,23.71061836604603
TNET,55.37846507842144,17.368288242187873
TNL,83.71511675053016,27.732273480759698
TOL,42.795213012490606,36.06175489098179
TOST,75.17547414790958,11.706487743500302
TPB,53.12659794456867,40.98867653168864
TPC,62.627910842858654,34.38497038307811
TPH,40.16010369601047,31.71106423610489
TPL,43.02861001700004,0.0
TPR,62.291171503821815,20.696867873623813
TR,0.0,47.64096889848711
TRAK,58.822504002874716,21.79915881515437
TRC,38.31465726730936,16.21554903025651
TREX,51.28918270244449,21.422086411004358
TRGP,57.93818171246545,68.43176789396554
TRN,85.19745968856053,24.897811897471513
TRNO,80.32139793097627,72.12370758368975
TROX,37.16883699074844,77.10598212240598
TRTX,67.77941831452202,33.566846685232065
TRU,20.302473443319204,29.202675452038136
TRV,34.63278360682654,22.59622169877262
TSN,11.172933223939555,51.056808716967176
TTC,0.0,0.0
TTI,47.382149012516734,51.6652256730811
TWI,63.357095016823294,75.49134343296923
TWLO,54.634809768835936,19.13347805762323
TWO,47.85344547551875,1.2497665513570189
TXNM,93.00504349143633,39.67539714914582
TXT,75.08488163000526,25.99940480028777
TY,55.69355971981362,41.56138870568121
TYG,50.52240349052811,48.92957255745494
TYL,52.119594962705634,54.58417140609436
U,0.0,65.17318607953547
UA,59.352903783918975,15.674048728469046
UAA,58.16062027232972,18.626192629905525
UAN,0.0,23.43696193810287
UBER,65.01111733585117,12.632387025554177
UCB,85.63763533918296,32.00418201227494
UDR,14.642574128714124,48.4551176505536
UE,76.77296995437206,68.02938986551491
UGI,20.590536252815543,22.249800490555828
UHAL,2.7970492128343656,22.09581981326642
UHS,60.66682626098982,31.77931841684902
UHT,10.920922490889406,71.85273145014492
UI,65.44054642177285,24.88387156174543
UIS,27.8260890461343,2.1155299646956562
ULS,48.45630019497826,31.08479978103734
UMH,40.036215679524325,32.11934820800337
UNF,43.13543661763575,33.327184733468734
UNFI,16.237838046823043,0.0
UNH,31.56087221909078,45.9011646865751
UNM,40.87558523398191,35.33538295085535
UNMA,19.401921927639606,17.61124386134931
UNP,71.9631878459654,22.27157305857289
UPS,49.82840793010829,43.785161058140396
URI,62.86737148318775,9.794625557054824
USAC,42.82013601051043,55.82576233714568
USB,77.0469443254465,38.24256468201093
USFD,28.14225191550038,33.19505085887306
USM,55.18557844779179,53.97150830593791
USNA,28.504447602227255,5.4610886924924085
USPH,74.80111576864142,29.717686773388284
UTI,28.25297220152176,33.03119031083587
UTL,7.124707563631356,30.70279256567995
UTZ,17.467561482338112,68.27248679070996
UVE,16.335100858932943,58.70034601117348
UVV,12.167177192447813,46.75161766621636
UWMC,41.071523457540096,26.883841011850727
UZD,1.8584470697128808,21.495113887180135
UZE,0.0,0.0
UZF,0.0,0.0
V,42.33676581191158,36.211895231901835
VAC,63.945885267542714,27.845731102971484
VAL,62.769564057050495,48.72510068182122
VCV,0.0,19.312386760725076
VEEV,0.0,89.24480803265686
VEL,65.22066689188492,72.10277047150382
VFC,53.51666869733807,8.003636728375431
VGM,0.0,15.27161986827115
VHI,36.784712278226756,37.47734883541695
VICI,24.65724820532635,50.33184099348573
VIK,41.57057813791423,43.889756171839544
VKQ,0.0,22.930288261795663
VLO,35.77022268649639,10.74997965211973
VLTO,49.07453821026902,19.617158958055576
VMC,48.774916234601,19.90791205124902
VMI,62.195391178940056,38.62248098360742
VMO,0.0,12.106949980341994
VNO,64.24824877356728,41.08371937149096
VNT,43.56976903944664,16.908762192255686
VOYA,58.30212381403877,24.375006781186514
VPG,53.562147466688494,34.46937918372001
VRE,0.145438171614787,39.4740606873232
VRT,51.49092509859004,24.79145554812645
VRTS,67.00455157176799,21.111100255916064
VSCO,90.57283013944368,14.266632747383548
VSH,52.634421349123606,18.027421097244968
VST,28.152737577580524,41.979281817640896
VSTS,11.883874729735966,42.66691629718759
VTLE,36.77742563331071,41.88799177031021
VTOL,54.10602202328633,76.52615997906676
VTR,46.93936731195528,31.94828045270273
VTS,52.546338287638264,48.94183873619971
VVV,29.184901863091135,100.0
VVX,65.44801700774734,26.420049118458962
VYX,62.83205164454737,15.239759920017068
W,43.61849260669758,39.51324211701303
WAB,69.30354503619652,42.86551286134514
WAL,88.04239275879642,31.22111875287131
WAT,57.273119054153526,23.828818039352576
WBS,84.61569954205241,28.552255300895254
WCC,57.65934222838848,28.46677703574222
WD,66.10302467607166,29.061924626519563
WEAV,65.31735782274424,15.107595738205749
WEC,23.79616269308116,54.403540931723185
WELL,47.60640418642775,73.90735710721839
WES,65.08442235948088,24.49896980243968
WEX,54.22060419634608,33.30242206494423
WFC,53.54429822625887,30.800221402731005
WGO,18.5600946496042,8.007252413656671
WH,66.25837499121013,16.807550402575746
WHD,46.683861206202074,55.16178730857721
WHR,45.39675226184213,34.54685720245838
WK,35.65136221932768,32.66116800464587
WKC,100.0,19.136030363599772
WLK,67.35833828393362,40.86206472658688
WLKP,49.439870500189606,42.00858412274184
WLY,35.857684926414905,1.6558604737067213
WLYB,35.70315731922581,0.0
WM,0.0,36.9403500141908
WMB,14.487531116535145,57.100038968910084
WMK,47.249465851906635,38.27295027605435
WMS,48.79221468925996,26.100777207543352
WMT,0.0,41.91866187348604
WNC,55.94054284307308,53.60450133244974
WOR,73.44362350193329,25.453583199633414
WOW,45.31368000433479,8.554808792662312
WPC,40.10754014064098,54.766487118038555
WRB,22.516768434880618,54.073179562240895
WRBY,44.96107103036105,35.79026642913684
WS,31.53859062738276,24.521779847080712
WSM,15.90184117824328,7.169542499616415
WSO,55.06763122997473,17.755114150540393
WSR,41.450055453125074,53.32819007447368
WST,85.68591114573402,100.0
WT,65.68247038249976,40.114260406169
WTM,60.98052785078398,23.002660247379588
WTRG,19.774505322021753,28.84864495164149
WTS,87.22702591799396,17.82783401559194
WTTR,61.34052647190011,89.70021765189844
WU,78.99988343919104,29.194484397881233
WWW,69.01731661903281,18.44781803805858
WY,57.73066054197239,46.14409477527698
X,6.898059219674453,51.07665134414375
XHR,50.85360988171669,32.77156310672713
XIFR,50.539905788857276,17.063334201660254
XOM,63.744868196212195,36.890274535280305
XPER,34.31744601915149,14.008214936650138
XPO,64.94684366751969,12.8928300322053
XPOF,31.495795695607416,35.59216810107278
XPRO,50.403397552296546,73.7555745148465
XYL,36.98283358885778,21.445484695313667
XYZ,56.67632809627365,58.35650654234418
YELP,26.293345677710732,30.048665978876755
YETI,23.884487638549984,44.59995276080916
YEXT,38.50135345048868,100.0
YOU,35.109056982202496,100.0
YUM,57.307982862908396,16.651782866017918
YUMC,23.310779870790263,40.960480937538975
ZBH,69.53907296478667,39.74975747100002
ZETA,69.58134348225175,21.825776013521235
ZIP,0.0,55.409121992060534
ZTS,25.53959907338281,51.3052004474243
ZWS,65.43224866838642,31.088953044291934
